Index,Address (Hex),Address (Dec)
0,0xF0ED,61677
1,0xE8E0,59616
2,0x6BB8,27576
3,0x13D7,5079
4,0x8212,33298
5,0xD60F,54799
6,0x775F,30559
7,0x9A45,39493
8,0x49FA,18938
9,0xCEDA,52954
10,0x4FA2,20386
11,0x9A98,39576
12,0x4E51,20049
13,0xFD3A,64826
14,0x6799,26521
15,0xD226,53798
16,0x674F,26447
17,0xDA63,55907
18,0x38D4,14548
19,0x4189,16777
20,0xC0C8,49352
21,0x7D9E,32158
22,0x89A8,35240
23,0xA4A,2634
24,0x1FDE,8158
25,0xD1C1,53697
26,0x798F,31119
27,0x2C78,11384
28,0xD14E,53582
29,0x844D,33869
30,0x29D7,10711
31,0xEB5E,60254
32,0x9AA9,39593
33,0xD022,53282
34,0xF34,3892
35,0x782F,30767
36,0x73EA,29674
37,0x14A7,5287
38,0x7B87,31623
39,0xB477,46199
40,0x67A4,26532
41,0x88C8,35016
42,0xFF1F,65311
43,0x74D3,29907
44,0xF6F6,63222
45,0x6429,25641
46,0xD782,55170
47,0x372C,14124
48,0x555B,21851
49,0x620E,25102
50,0x15E7,5607
51,0x75F8,30200
52,0x219F,8607
53,0x1280,4736
54,0x7B25,31525
55,0x2143,8515
56,0x7B64,31588
57,0x4FB,1275
58,0xFE22,65058
59,0x187C,6268
60,0x333F,13119
61,0xD10C,53516
62,0xD42D,54317
63,0x238,568